eu-law	https://europa.eu/youreurope/business/dealing-with-customers/consumer-contracts-guarantees/consumer-contracts/index_en.htm
eu-law	https://europa.eu/youreurope/business/dealing-with-customers/consumer-contracts-guarantees/consumer-guarantees/index_en.htm
eu-law	https://europa.eu/youreurope/business/dealing-with-customers/data-protection/data-protection-gdpr/index_en.htm
eu-law	https://europa.eu/youreurope/business/dealing-with-customers/data-protection/online-privacy/index_en.htm
eu-law	https://europa.eu/youreurope/business/product-requirements/labels-markings/ce-marking/index_en.htm
eu-law	https://europa.eu/youreurope/business/selling-in-eu/selling-goods-services/selling-products-eu/index_en.htm
eu-law	https://europa.eu/youreurope/business/taxation/vat/cross-border-vat/index_en.htm
eu-law	https://europa.eu/youreurope/business/taxation/vat/vat-rules-rates/index_en.htm
eu-law	https://europa.eu/youreurope/citizens/consumers/shopping/contract-information/index_en.htm
eu-law	https://europa.eu/youreurope/citizens/consumers/shopping/guarantees-returns/index_en.htm
eu-law	https://europa.eu/youreurope/citizens/consumers/shopping/pricing-payments/index_en.htm
eu-law	https://europa.eu/youreurope/citizens/consumers/shopping/shipping-delivery/index_en.htm
eu-law	https://europa.eu/youreurope/citizens/consumers/shopping/vat/index_en.htm
eu-law	https://taxation-customs.ec.europa.eu/customs-4/customs-procedures-import-and-export-0/customs-procedures/customs-declaration_en
operations	https://www.shopify.com/blog/abandoned-cart-email
operations	https://www.shopify.com/blog/abc-analysis
operations	https://www.shopify.com/blog/average-order-value
operations	https://www.shopify.com/blog/break-even-analysis
operations	https://www.shopify.com/blog/buy-now-pay-later
operations	https://www.shopify.com/blog/cart-abandonment
operations	https://www.shopify.com/blog/checkout-optimization
operations	https://www.shopify.com/blog/conversion-rate
operations	https://www.shopify.com/blog/cost-of-goods-sold
operations	https://www.shopify.com/blog/cost-plus-pricing
operations	https://www.shopify.com/blog/cross-selling
operations	https://www.shopify.com/blog/customer-acquisition-cost
operations	https://www.shopify.com/blog/customer-churn
operations	https://www.shopify.com/blog/customer-effort-score
operations	https://www.shopify.com/blog/customer-experience
operations	https://www.shopify.com/blog/customer-feedback
operations	https://www.shopify.com/blog/customer-lifetime-value
operations	https://www.shopify.com/blog/customer-loyalty-program
operations	https://www.shopify.com/blog/customer-onboarding
operations	https://www.shopify.com/blog/customer-satisfaction-score
operations	https://www.shopify.com/blog/customer-service-email-templates
operations	https://www.shopify.com/blog/customer-service-metrics
operations	https://www.shopify.com/blog/customer-service-phrases
operations	https://www.shopify.com/blog/customer-service-training
operations	https://www.shopify.com/blog/demand-forecasting
operations	https://www.shopify.com/blog/dimensional-weight
operations	https://www.shopify.com/blog/ecommerce-analytics
operations	https://www.shopify.com/blog/ecommerce-checkout
operations	https://www.shopify.com/blog/ecommerce-laws
operations	https://www.shopify.com/blog/ecommerce-metrics
operations	https://www.shopify.com/blog/ecommerce-packaging
operations	https://www.shopify.com/blog/ecommerce-returns
operations	https://www.shopify.com/blog/ecommerce-security
operations	https://www.shopify.com/blog/ecommerce-shipping
operations	https://www.shopify.com/blog/economic-order-quantity
operations	https://www.shopify.com/blog/facebook-shops
operations	https://www.shopify.com/blog/first-response-time
operations	https://www.shopify.com/blog/fraud-prevention
operations	https://www.shopify.com/blog/free-shipping
operations	https://www.shopify.com/blog/friendly-fraud
operations	https://www.shopify.com/blog/fulfillment-center
operations	https://www.shopify.com/blog/fulfillment-services
operations	https://www.shopify.com/blog/google-shopping
operations	https://www.shopify.com/blog/gross-margin
operations	https://www.shopify.com/blog/holiday-shipping
operations	https://www.shopify.com/blog/how-to-price-a-product
operations	https://www.shopify.com/blog/instagram-shopping
operations	https://www.shopify.com/blog/international-shipping
operations	https://www.shopify.com/blog/inventory-forecasting
operations	https://www.shopify.com/blog/just-in-time-inventory
operations	https://www.shopify.com/blog/landed-cost
operations	https://www.shopify.com/blog/local-delivery
operations	https://www.shopify.com/blog/loyalty-programs
operations	https://www.shopify.com/blog/merchant-account
operations	https://www.shopify.com/blog/minimum-order-quantity
operations	https://www.shopify.com/blog/multichannel-selling
operations	https://www.shopify.com/blog/negative-reviews
operations	https://www.shopify.com/blog/order-processing
operations	https://www.shopify.com/blog/order-tracking
operations	https://www.shopify.com/blog/packing-slip
operations	https://www.shopify.com/blog/payment-gateway
operations	https://www.shopify.com/blog/payment-methods
operations	https://www.shopify.com/blog/pci-compliance
operations	https://www.shopify.com/blog/pre-orders
operations	https://www.shopify.com/blog/pricing-strategy
operations	https://www.shopify.com/blog/private-label
operations	https://www.shopify.com/blog/product-bundling
operations	https://www.shopify.com/blog/product-description
operations	https://www.shopify.com/blog/product-page
operations	https://www.shopify.com/blog/product-photography
operations	https://www.shopify.com/blog/product-reviews
operations	https://www.shopify.com/blog/psychological-pricing
operations	https://www.shopify.com/blog/reorder-point
operations	https://www.shopify.com/blog/returns-management
operations	https://www.shopify.com/blog/safety-stock
operations	https://www.shopify.com/blog/sell-on-amazon
operations	https://www.shopify.com/blog/sell-on-ebay
operations	https://www.shopify.com/blog/sell-on-etsy
operations	https://www.shopify.com/blog/shipping-and-fulfillment
operations	https://www.shopify.com/blog/shipping-delays
operations	https://www.shopify.com/blog/shipping-insurance
operations	https://www.shopify.com/blog/shipping-strategy
operations	https://www.shopify.com/blog/social-proof
operations	https://www.shopify.com/blog/supplier-relationship-management
operations	https://www.shopify.com/blog/thank-you-page
operations	https://www.shopify.com/blog/tiktok-shop
operations	https://www.shopify.com/blog/trust-badges
operations	https://www.shopify.com/blog/unboxing-experience
operations	https://www.shopify.com/blog/upselling
operations	https://www.shopify.com/blog/warehouse-management
operations	https://www.shopify.com/blog/what-is-a-chargeback
operations	https://www.shopify.com/blog/what-is-a-delivery-exception
operations	https://www.shopify.com/blog/what-is-a-sku
operations	https://www.shopify.com/blog/what-is-consignment
operations	https://www.shopify.com/blog/what-is-cross-selling
operations	https://www.shopify.com/blog/what-is-customer-lifetime-value
operations	https://www.shopify.com/blog/what-is-customer-service
operations	https://www.shopify.com/blog/what-is-customer-support
operations	https://www.shopify.com/blog/what-is-dead-stock
operations	https://www.shopify.com/blog/what-is-fifo
operations	https://www.shopify.com/blog/what-is-inventory-turnover
operations	https://www.shopify.com/blog/what-is-upselling
operations	https://www.shopify.com/blog/white-label
operations	https://www.shopify.com/blog/wholesale-vs-retail
