dropshipping	https://inbusiness.aliexpress.com/blog/en/How-to-calculate-profit-margins-for-dropshipping-products
dropshipping	https://www.shopify.com/blog/117607173-the-definitive-guide-to-dropshipping-with-aliexpress
dropshipping	https://www.shopify.com/blog/13975985-how-to-find-a-manufacturer-or-supplier-for-your-product-idea
dropshipping	https://www.shopify.com/blog/16665772-alibaba-101-how-to-safely-source-products-from-the-worlds-biggest-supplier-directory
dropshipping	https://www.shopify.com/blog/aliexpress-vs-alibaba
dropshipping	https://www.shopify.com/blog/amazon-dropshipping
dropshipping	https://www.shopify.com/blog/customs-clearance
dropshipping	https://www.shopify.com/blog/dropshipping-agent
dropshipping	https://www.shopify.com/blog/dropshipping-clothing-suppliers
dropshipping	https://www.shopify.com/blog/dropshipping-fulfillment
dropshipping	https://www.shopify.com/blog/dropshipping-guide
dropshipping	https://www.shopify.com/blog/dropshipping-inventory-management
dropshipping	https://www.shopify.com/blog/dropshipping-niches
dropshipping	https://www.shopify.com/blog/dropshipping-software
dropshipping	https://www.shopify.com/blog/dropshipping-success
dropshipping	https://www.shopify.com/blog/dropshipping-suppliers
dropshipping	https://www.shopify.com/blog/dropshipping-taxes
dropshipping	https://www.shopify.com/blog/dropshipping-tips
dropshipping	https://www.shopify.com/blog/dropshipping-vs-wholesale
dropshipping	https://www.shopify.com/blog/dropshipping-websites
dropshipping	https://www.shopify.com/blog/duties-taxes
dropshipping	https://www.shopify.com/blog/ebay-dropshipping
dropshipping	https://www.shopify.com/blog/epacket-delivery-explained-everything-you-need-to-know-about-epacket-shipping
dropshipping	https://www.shopify.com/blog/high-ticket-dropshipping
dropshipping	https://www.shopify.com/blog/how-to-start-dropshipping
dropshipping	https://www.shopify.com/blog/is-dropshipping-worth-it
dropshipping	https://www.shopify.com/blog/is-print-on-demand-profitable
dropshipping	https://www.shopify.com/blog/manufacturing-quality-control
dropshipping	https://www.shopify.com/blog/print-on-demand
dropshipping	https://www.shopify.com/blog/print-on-demand-vs-dropshipping
dropshipping	https://www.shopify.com/blog/product-sourcing-apps
dropshipping	https://www.shopify.com/blog/small-business-wholesale-suppliers
dropshipping	https://www.shopify.com/blog/tiktok-dropshipping
dropshipping	https://www.shopify.com/blog/what-is-dropshipping
ecommerce	https://www.shopify.com/blog/16480780-should-you-be-charging-sales-tax-on-your-online-store
ecommerce	https://www.shopify.com/blog/8211159-9-simple-ways-to-write-product-descriptions-that-sell
ecommerce	https://www.shopify.com/blog/ab-testing
ecommerce	https://www.shopify.com/blog/ab-testing-examples
ecommerce	https://www.shopify.com/blog/abandoned-cart-recovery-rate
ecommerce	https://www.shopify.com/blog/average-order-value
ecommerce	https://www.shopify.com/blog/best-payment-gateways
ecommerce	https://www.shopify.com/blog/break-even-analysis
ecommerce	https://www.shopify.com/blog/break-even-roas-calculator
ecommerce	https://www.shopify.com/blog/business-license
ecommerce	https://www.shopify.com/blog/cash-flow-management
ecommerce	https://www.shopify.com/blog/cash-flow-vs-profit
ecommerce	https://www.shopify.com/blog/checkout-process-optimization
ecommerce	https://www.shopify.com/blog/churn-rate-in-ecommerce
ecommerce	https://www.shopify.com/blog/color-psychology
ecommerce	https://www.shopify.com/blog/community-management
ecommerce	https://www.shopify.com/blog/competitive-analysis
ecommerce	https://www.shopify.com/blog/competitive-pricing
ecommerce	https://www.shopify.com/blog/conversion-rate-optimization
ecommerce	https://www.shopify.com/blog/cost-plus-pricing
ecommerce	https://www.shopify.com/blog/credit-card-chargebacks
ecommerce	https://www.shopify.com/blog/customer-acquisition-cost
ecommerce	https://www.shopify.com/blog/customer-complaints
ecommerce	https://www.shopify.com/blog/customer-feedback
ecommerce	https://www.shopify.com/blog/customer-journey-map
ecommerce	https://www.shopify.com/blog/customer-lifetime-value
ecommerce	https://www.shopify.com/blog/customer-retention-strategies
ecommerce	https://www.shopify.com/blog/customer-retention-vs-acquisition
ecommerce	https://www.shopify.com/blog/customer-service
ecommerce	https://www.shopify.com/blog/customer-service-skills
ecommerce	https://www.shopify.com/blog/customer-service-tips-how-to-deal-with-angry-customers
ecommerce	https://www.shopify.com/blog/customer-support-vs-customer-service
ecommerce	https://www.shopify.com/blog/demand-forecasting
ecommerce	https://www.shopify.com/blog/discounts-and-coupons
ecommerce	https://www.shopify.com/blog/ecommerce-business-plan
ecommerce	https://www.shopify.com/blog/ecommerce-customer-service
ecommerce	https://www.shopify.com/blog/ecommerce-fraud-prevention
ecommerce	https://www.shopify.com/blog/ecommerce-metrics
ecommerce	https://www.shopify.com/blog/ecommerce-order-tracking
ecommerce	https://www.shopify.com/blog/eu-vat-changes-2021
ecommerce	https://www.shopify.com/blog/evergreen-products
ecommerce	https://www.shopify.com/blog/fraud-prevention
ecommerce	https://www.shopify.com/blog/free-shipping-and-conversion
ecommerce	https://www.shopify.com/blog/friendly-fraud
ecommerce	https://www.shopify.com/blog/gdpr-compliance-tools
ecommerce	https://www.shopify.com/blog/gross-margin
ecommerce	https://www.shopify.com/blog/gross-margin-ratio
ecommerce	https://www.shopify.com/blog/gross-margin-vs-gross-profit
ecommerce	https://www.shopify.com/blog/gross-margin-vs-net-margin
ecommerce	https://www.shopify.com/blog/gross-margin-vs-operating-margin
ecommerce	https://www.shopify.com/blog/homepage-design
ecommerce	https://www.shopify.com/blog/how-to-open-a-business-bank-account
ecommerce	https://www.shopify.com/blog/how-to-price-your-product
ecommerce	https://www.shopify.com/blog/how-to-start-an-online-store
ecommerce	https://www.shopify.com/blog/how-to-write-an-about-us-page
ecommerce	https://www.shopify.com/blog/international-shipping
ecommerce	https://www.shopify.com/blog/international-shipping-policy
ecommerce	https://www.shopify.com/blog/inventory-management
ecommerce	https://www.shopify.com/blog/keyword-research
ecommerce	https://www.shopify.com/blog/lifestyle-photography
ecommerce	https://www.shopify.com/blog/llc-advantages
ecommerce	https://www.shopify.com/blog/llc-business-loan
ecommerce	https://www.shopify.com/blog/llc-cost
ecommerce	https://www.shopify.com/blog/llc-insurance
ecommerce	https://www.shopify.com/blog/llc-names
ecommerce	https://www.shopify.com/blog/llc-tax-benefits-4-benefits-of-operating-as-an-llc
ecommerce	https://www.shopify.com/blog/llc-vs-corporation
ecommerce	https://www.shopify.com/blog/llc-vs-llp
ecommerce	https://www.shopify.com/blog/llc-vs-ltd
ecommerce	https://www.shopify.com/blog/logo-design
ecommerce	https://www.shopify.com/blog/loyalty-program
ecommerce	https://www.shopify.com/blog/mobile-commerce
ecommerce	https://www.shopify.com/blog/net-profit-margin
ecommerce	https://www.shopify.com/blog/order-fulfillment
ecommerce	https://www.shopify.com/blog/payment-gateway-vs-payment-processor
ecommerce	https://www.shopify.com/blog/penetration-pricing
ecommerce	https://www.shopify.com/blog/post-purchase-upsell
ecommerce	https://www.shopify.com/blog/price-skimming
ecommerce	https://www.shopify.com/blog/pricing-strategies
ecommerce	https://www.shopify.com/blog/private-label
ecommerce	https://www.shopify.com/blog/product-bundling
ecommerce	https://www.shopify.com/blog/product-ideas
ecommerce	https://www.shopify.com/blog/product-page
ecommerce	https://www.shopify.com/blog/product-photography
ecommerce	https://www.shopify.com/blog/product-research
ecommerce	https://www.shopify.com/blog/product-video
ecommerce	https://www.shopify.com/blog/profit-and-loss-statements
ecommerce	https://www.shopify.com/blog/profit-margin
ecommerce	https://www.shopify.com/blog/psychological-pricing
ecommerce	https://www.shopify.com/blog/return-fraud
ecommerce	https://www.shopify.com/blog/return-policy
ecommerce	https://www.shopify.com/blog/sales-forecasting
ecommerce	https://www.shopify.com/blog/sell-on-amazon
ecommerce	https://www.shopify.com/blog/sell-on-ebay
ecommerce	https://www.shopify.com/blog/sell-on-etsy
ecommerce	https://www.shopify.com/blog/shipping-insurance
ecommerce	https://www.shopify.com/blog/shipping-policy
ecommerce	https://www.shopify.com/blog/shipping-strategy
ecommerce	https://www.shopify.com/blog/shopping-cart-abandonment
ecommerce	https://www.shopify.com/blog/site-speed
ecommerce	https://www.shopify.com/blog/small-business-bookkeeping
ecommerce	https://www.shopify.com/blog/swot-analysis
ecommerce	https://www.shopify.com/blog/trending-products
ecommerce	https://www.shopify.com/blog/trust-badges
ecommerce	https://www.shopify.com/blog/unique-selling-proposition
ecommerce	https://www.shopify.com/blog/utm-parameters
ecommerce	https://www.shopify.com/blog/value-proposition
ecommerce	https://www.shopify.com/blog/website-privacy-policy
ecommerce	https://www.shopify.com/blog/what-is-a-trademark
ecommerce	https://www.shopify.com/blog/what-is-contribution-margin
marketing	https://www.shopify.com/blog/122737797-how-to-social-media-content-calendar
marketing	https://www.shopify.com/blog/4-ps-of-marketing
marketing	https://www.shopify.com/blog/abandoned-cart-emails
marketing	https://www.shopify.com/blog/affiliate-marketing
marketing	https://www.shopify.com/blog/affiliate-marketing-for-beginners
marketing	https://www.shopify.com/blog/blog-seo
marketing	https://www.shopify.com/blog/brand-awareness
marketing	https://www.shopify.com/blog/brand-guidelines
marketing	https://www.shopify.com/blog/brand-identity
marketing	https://www.shopify.com/blog/brand-positioning
marketing	https://www.shopify.com/blog/brand-storytelling
marketing	https://www.shopify.com/blog/brand-voice
marketing	https://www.shopify.com/blog/buyer-persona-example
marketing	https://www.shopify.com/blog/cart-retargeting
marketing	https://www.shopify.com/blog/content-calendar
marketing	https://www.shopify.com/blog/content-marketing
marketing	https://www.shopify.com/blog/copywriting
marketing	https://www.shopify.com/blog/coupon-marketing-strategy
marketing	https://www.shopify.com/blog/customer-service-email-templates
marketing	https://www.shopify.com/blog/defining-social-proof-5-strategies-retailers-can-use-to-bolster-sales
marketing	https://www.shopify.com/blog/ecommerce-landing-page
marketing	https://www.shopify.com/blog/ecommerce-marketing
marketing	https://www.shopify.com/blog/email-marketing
marketing	https://www.shopify.com/blog/facebook-ads
marketing	https://www.shopify.com/blog/facebook-ads-cost
marketing	https://www.shopify.com/blog/facebook-ads-manager
marketing	https://www.shopify.com/blog/facebook-groups
marketing	https://www.shopify.com/blog/facebook-retargeting
marketing	https://www.shopify.com/blog/facebook-shops
marketing	https://www.shopify.com/blog/google-ads
marketing	https://www.shopify.com/blog/google-ads-vs-facebook-ads
marketing	https://www.shopify.com/blog/hashtag-strategy
marketing	https://www.shopify.com/blog/high-converting-landing-pages
marketing	https://www.shopify.com/blog/how-to-encourage-customer-reviews-and-why-you-should
marketing	https://www.shopify.com/blog/how-to-launch-google-shopping-ads
marketing	https://www.shopify.com/blog/influencer-marketing
marketing	https://www.shopify.com/blog/influencer-outreach
marketing	https://www.shopify.com/blog/instagram-algorithm
marketing	https://www.shopify.com/blog/instagram-captions
marketing	https://www.shopify.com/blog/instagram-marketing
marketing	https://www.shopify.com/blog/landing-page
marketing	https://www.shopify.com/blog/lookalike-audiences
marketing	https://www.shopify.com/blog/marketing-funnel
marketing	https://www.shopify.com/blog/marketing-plan
marketing	https://www.shopify.com/blog/marketing-strategy
marketing	https://www.shopify.com/blog/on-page-seo
marketing	https://www.shopify.com/blog/pinterest-marketing
marketing	https://www.shopify.com/blog/product-launch
marketing	https://www.shopify.com/blog/reddit-marketing
marketing	https://www.shopify.com/blog/roas
marketing	https://www.shopify.com/blog/sales-funnel
marketing	https://www.shopify.com/blog/seo-basics
marketing	https://www.shopify.com/blog/seo-for-ecommerce
marketing	https://www.shopify.com/blog/sms-marketing
marketing	https://www.shopify.com/blog/social-media-customer-service
marketing	https://www.shopify.com/blog/social-media-engagement
marketing	https://www.shopify.com/blog/social-media-marketing
marketing	https://www.shopify.com/blog/social-proof
marketing	https://www.shopify.com/blog/target-audience
marketing	https://www.shopify.com/blog/technical-seo
marketing	https://www.shopify.com/blog/tiktok-ads
marketing	https://www.shopify.com/blog/tiktok-algorithm
marketing	https://www.shopify.com/blog/tiktok-marketing
marketing	https://www.shopify.com/blog/tiktok-shopping
marketing	https://www.shopify.com/blog/trademark-vs-copyright
marketing	https://www.shopify.com/blog/user-generated-content
marketing	https://www.shopify.com/blog/welcome-email
marketing	https://www.shopify.com/blog/word-of-mouth-marketing
marketing	https://www.shopify.com/blog/youtube-marketing
